{"weights": [0.5433529656289018, 3.4787820178595266, -2.882117111051364, 2.2004500811395706, 0.9110251222436143], "intercept": -4.897618055981687}